{"cameraMode":{"drawMode":0,"name":"Shaded","section":"Shading Mode"},"sceneLighting":true,"audioPlay":false,"sceneViewState":{"m_AlwaysRefresh":false,"showFog":true,"showSkybox":true,"showFlares":true,"showImageEffects":true,"showParticleSystems":true,"showVisualEffectGraphs":true,"m_FxEnabled":true},"in2DMode":false,"pivot":{"x":-0.007999897003173828,"y":0.4029998779296875,"z":-0.3340001106262207},"rotation":{"x":-0.3818526268005371,"y":-0.006379704922437668,"z":0.0026359024923294784,"w":-0.9241979122161865},"size":6.124351501464844,"orthographic":false}