{"cameraMode":{"drawMode":0,"name":"Shaded","section":"Shading Mode"},"sceneLighting":true,"audioPlay":false,"sceneViewState":{"m_AlwaysRefresh":false,"showFog":true,"showSkybox":true,"showFlares":true,"showImageEffects":true,"showParticleSystems":true,"showVisualEffectGraphs":true,"m_FxEnabled":true},"in2DMode":false,"pivot":{"x":-0.019999980926513673,"y":0.07699999213218689,"z":0.3501795530319214},"rotation":{"x":-0.3721277117729187,"y":-0.006407030392438173,"z":0.002568771131336689,"w":-0.9281564354896545},"size":0.9394871592521668,"orthographic":false}